CREATE TABLE IF NOT EXISTS vehicle_type (
    `type_name` VARCHAR(14) CHARACTER SET utf8,
  PRIMARY KEY (type_name)
);
INSERT INTO vehicle_type VALUES
    ('SUV'),
    ('Sports car'),
    ('Hatchback'),
    ('Sedan'),
    ('Minivan'),
    ('Convertible'),
    ('Coupe'),
    ('Station Wagon'),
    ('Pickup Truck'),
    ('Limousine');



CREATE TABLE IF NOT EXISTS vehicle (
    `make` VARCHAR(13) CHARACTER SET utf8,
    `model` VARCHAR(13) CHARACTER SET utf8,
    `plate_nr` VARCHAR(7) CHARACTER SET utf8,
    `type_name` VARCHAR(14) CHARACTER SET utf8,
    `price` INT,
    `insurance_expiry_date` DATETIME,
    PRIMARY KEY (plate_nr),
    FOREIGN KEY (type_name) REFERENCES vehicle_type(type_name)
);
INSERT INTO vehicle VALUES
    ('BMW','X5','AB728JJ','SUV',50,'2022-09-17 00:00:00'),
    ('BMW','X5','AB484EH','SUV',50,'2023-10-09 00:00:00'),
    ('BMW','X6','AA620DB','SUV',65,'2023-07-03 00:00:00'),
    ('BMW','330d','AA614IG','Sedan',40,'2023-07-30 00:00:00'),
    ('BMW','330d','AB600SJ','Sedan',40,'2023-04-30 00:00:00'),
    ('Mercedes Benz','C200d','AB350FB','Coupe',40,'2023-01-15 00:00:00'),
    ('Mercedes Benz','ML350','AB620UX','SUV',70,'2023-10-15 00:00:00'),
    ('Mercedes Benz','ML350','AC004BW','SUV',70,'2023-07-02 00:00:00'),
    ('Mercedes Benz','GLE 63','AB713FA','SUV',95,'2022-09-23 00:00:00'),
    ('Mercedes Benz','V220 CDI','AB635KE','Minivan',50,'2022-12-27 00:00:00'),
    ('Mercedes Benz','E350 Cabrio','AB705YK','Convertible',65,'2023-08-02 00:00:00'),
    ('Mercedes Benz','S400d','AA837HU','Limousine',165,'2023-05-06 00:00:00'),
    ('Mercedes Benz','G63','AB486AH','SUV',140,'2023-01-28 00:00:00'),
    ('Mercedes Benz','V220 CDI','AB831DR','Minivan',50,'2023-03-18 00:00:00'),
    ('Mercedes Benz','C200d','AB147WR','Coupe',40,'2022-12-24 00:00:00'),
    ('Audi','A4','AA573FJ','Sedan',40,'2022-12-15 00:00:00'),
    ('Audi','A4','AB821OD','Sedan',40,'2022-09-10 00:00:00'),
    ('Audi','A8L','AB532SN','Limousine',135,'2022-12-03 00:00:00'),
    ('Audi','A7','AB254IQ','Coupe',75,'2023-01-20 00:00:00'),
    ('Audi','Q7','AB828JP','SUV',75,'2023-02-26 00:00:00'),
    ('Audi','Q5','AB827XU','SUV',60,'2023-03-14 00:00:00'),
    ('Audi','Q5','AB281KP','SUV',60,'2023-06-20 00:00:00'),
    ('Renault','Talisman','AB086NY','Sedan',50,'2022-08-27 00:00:00'),
    ('Renault','Twingo','AB969JV','Hatchback',30,'2023-01-23 00:00:00'),
    ('Renault','Twingo','AB768HF','Hatchback',30,'2023-06-13 00:00:00'),
    ('Renault','Koleos','AB959BV','SUV',60,'2023-04-21 00:00:00'),
    ('Renault','Megane Sedan','AB697IO','Sedan',40,'2023-05-30 00:00:00'),
    ('Renault','Kadjar','AB401DZ','SUV',70,'2022-09-09 00:00:00'),
    ('Renault','Clio RS','AB700VS','Hatchback',30,'2023-07-27 00:00:00'),
    ('Renault','Clio RS','AB803HK','Hatchback',30,'2022-09-05 00:00:00'),
    ('Hyundai','Accent','AB699GU','Sedan',40,'2022-09-11 00:00:00'),
    ('Hyundai','i20','AB327DE','Hatchback',25,'2023-05-25 00:00:00'),
    ('Hyundai','Accent','AB802NN','Sedan',30,'2023-01-24 00:00:00'),
    ('Hyundai','Tucson','AB590WT','SUV',40,'2023-05-25 00:00:00'),
    ('Hyundai','Tucson','AB070TO','SUV',40,'2023-06-05 00:00:00'),
    ('Hyundai','Kona Electric','AB043HX','SUV',75,'2022-12-27 00:00:00'),
    ('Hyundai','Kona Electric','AB047JJ','SUV',75,'2023-09-02 00:00:00'),
    ('Toyota','Yaris','AB195IF','Hatchback',25,'2022-10-11 00:00:00'),
    ('Toyota','Yaris','AB361DD','Hatchback',25,'2023-08-31 00:00:00'),
    ('Toyota','Tundra','AB207UD','Pickup Truck',85,'2023-06-01 00:00:00'),
    ('Toyota','Camry','AB592RJ','Sedan',45,'2023-01-21 00:00:00'),
    ('Toyota','Camry','AB979VD','Sedan',45,'2022-09-11 00:00:00'),
    ('Toyota','Rav4','AB424DI','SUV',60,'2023-03-31 00:00:00'),
    ('Toyota','Sienna','AB655ZS','Minivan',60,'2023-10-22 00:00:00'),
    ('Toyota','Rav4','AB517TD','SUV',70,'2023-09-08 00:00:00'),
    ('Toyota','Tundra','AB927JI','Pickup Truck',90,'2022-09-06 00:00:00'),
    ('Opel','Insignia','AB665VR','Sedan',40,'2023-06-04 00:00:00'),
    ('Opel','Insignia','AB349VE','Sedan',40,'2023-02-03 00:00:00'),
    ('Opel','Zafira','AB378RU','Minivan',50,'2023-10-17 00:00:00'),
    ('Opel','Astra','AB606LT','Hatchback',25,'2023-07-28 00:00:00'),
    ('Opel','Grandland','AB482DT','SUV',50,'2022-10-14 00:00:00'),
    ('Opel','Grandland','AB186DY','SUV',50,'2023-06-17 00:00:00'),
    ('Volkswagen','Taos','AB941OA','SUV',60,'2023-02-08 00:00:00'),
    ('Chevrolet','Suburban','AB893IF','SUV',70,'2023-08-25 00:00:00'),
    ('Porsche','911','AB184CJ','Sports Car',200,'2023-10-19 00:00:00'),
    ('Jaguar','F-Type','AB552FQ','Sports Car',200,'2023-06-15 00:00:00'),
    ('Volkswagen','Golf GTI','AB880GL','Hatchback',45,'2022-09-19 00:00:00'),
    ('Volkswagen','Golf GTI','AB945FM','Hatchback',45,'2023-05-09 00:00:00'),
    ('Volkswagen','Golf GTI','AB305TQ','Hatchback',45,'2023-03-04 00:00:00'),
    ('Fiat','500','AB966EP','Convertible',40,'2023-10-09 00:00:00'),
    ('Fiat','500','AB150FN','Convertible',40,'2022-12-16 00:00:00'),
    ('Audi','A5','AB533OA','Convertible',55,'2023-10-06 00:00:00'),
    ('BMW','440xi','AB776TV','Coupe',75,'2023-04-03 00:00:00'),
    ('Mercedes Benz','E350 Coupe','AB122AK','Coupe',75,'2023-10-12 00:00:00'),
    ('Volvo','V90','AB400PX','Station Wagon',80,'2023-01-05 00:00:00'),
    ('Volvo','V90','AB085OY','Station Wagon',80,'2023-10-08 00:00:00'),
    ('Volvo','V60','AB804PA','Station Wagon',65,'2023-06-11 00:00:00'),
    ('Subaru','Outback','AB407TF','Station Wagon',50,'2023-07-26 00:00:00'),
    ('Ford','F-150','AB668FO','Pickup Truck',95,'2022-12-08 00:00:00'),
    ('Ford','F-150','AB787ER','Pickup Truck',95,'2023-07-21 00:00:00'),
    ('Cadillac','Escalade','AB640GE','Limousine',140,'2023-05-31 00:00:00');




CREATE TABLE IF NOT EXISTS customer (
    `customer_id` INT,
    `name_surname` VARCHAR(18) CHARACTER SET utf8,
    `phone_nr` VARCHAR(12) CHARACTER SET utf8,
    `adress` VARCHAR(23) CHARACTER SET utf8,
    PRIMARY KEY (customer_id)
);
INSERT INTO customer VALUES
    (1,'Aurilia Lafflina','331-743-3259','151 Memorial Street'),
    (2,'Arvin Fairnie','212-321-0145','7 Sunnyside Center'),
    (3,'Malia Shergill','407-972-1020','522 Golf View Street'),
    (4,'Judie Lowther','423-633-8517','6 Buell Terrace'),
    (5,'Lynelle Tyt','212-654-8963','9541 8th Parkway'),
    (6,'Derry Lomax','582-201-6877','7214 Bluejay Trail'),
    (7,'Sutton Eighteen','582-222-3957','4 Stuart Street'),
    (8,'Ogden Warlaw','912-669-3064','94 Pearson Place'),
    (9,'Denys Varley','229-395-0233','464 Dryden Parkway'),
    (10,'Julie Dupoy','582-465-3762','8 Northfield Avenue'),
    (11,'Mercie Varlow','215-904-2692','7993 Pond Court'),
    (12,'Bernhard Anslow','582-322-4233','9 Sycamore Parkway'),
    (13,'Debbie Berecloth','225-523-1722','317 Arrowood Pass'),
    (14,'Charlean Balchen','508-603-8068','1 Harbort Alley'),
    (15,'Catlin Benneyworth','614-222-2200','2442 Melody Road'),
    (16,'Hyatt Tingcomb','646-717-3464','13 Coleman Alley'),
    (17,'Marlon Oki','582-302-6546','8 Mccormick Crossing'),
    (18,'Lanni Jills','582-322-3449','289 Becker Alley'),
    (19,'Sheff Baugham','505-561-0743','184 Dovetail Crossing'),
    (20,'Chadd Verdon','219-554-5869','99600 American Ash Pass'),
    (21,'Walther Goude','217-496-4787','48941 Delladonna Point'),
    (22,'Jenny Ringer','704-644-1058','0 Vera Street'),
    (23,'Vachel Suggitt','703-297-3099','4 Merrick Center'),
    (24,'Gallard Harnetty','228-811-1964','50 Grasskamp Trail'),
    (25,'Kristal Arthey','582-444-3385','81681 Russell Crossing'),
    (26,'Tedda Dickerline','254-666-7840','41 Ridgeview Hill'),
    (27,'Merwin Barczynski','505-817-7707','7 Banding Hill'),
    (28,'Cornie Josum','308-923-6184','3 Eggendart Place'),
    (29,'Bowie Coldridge','505-295-8345','53155 Barby Terrace'),
    (30,'Cori McAdam','505-644-3893','3 Debra Avenue'),
    (31,'Rica Hryniewicz','582-300-1502','31 Jenna Avenue'),
    (32,'Kristen Ivachyov','505-607-8691','28 Portage Street'),
    (33,'Wilhelm Adolfson','405-635-8981','20369 Merry Point'),
    (34,'Madelyn Bulcroft','619-807-2655','77249 Donald Place'),
    (35,'Lila Seago','217-558-0033','4445 School Point'),
    (36,'Madelina Slott','402-656-7143','98 Mcbride Drive'),
    (37,'Barret Ansteys','303-378-9226','97 Coleman Avenue'),
    (38,'Fidela Duchart','582-322-8820','57940 Packers Junction'),
    (39,'Hildy Lindsay','512-812-1773','634 Goodland Drive'),
    (40,'Abbie Worster','315-530-8355','41506 Oak Valley Alley'),
    (41,'Baryram Melville','239-217-1352','9 Lighthouse Bay Avenue'),
    (42,'Jobie Weldrick','505-644-8628','39 Marcy Parkway'),
    (43,'Luke De Cristoforo','582-222-3822','540 Granby Point'),
    (44,'Tory Drews','205-644-6393','78 Towne Drive'),
    (45,'Jerome Arnley','301-668-8237','9 Dottie Circle'),
    (46,'Fiona Krook','212-875-8610','9744 Annamark Way'),
    (47,'Susana Heald','582-322-7005','01 Hermina Alley'),
    (48,'Kakalina Nairy','336-799-7951','4282 Hermina Place'),
    (49,'Thibaud Drew','582-333-3555','52 Maryland Avenue'),
    (50,'Fayette Ferrolli','505-660-4101','8 Surrey Point');



CREATE TABLE IF NOT EXISTS rental (
    `rental_id` INT,
    `customer_id` INT,
    `plate_nr` VARCHAR(7) CHARACTER SET utf8,
    `date_rented` DATETIME,
    `days_rented` INT,
    PRIMARY KEY (rental_id),
    FOREIGN KEY (customer_id) REFERENCES customer(customer_id),
    FOREIGN KEY (plate_nr) REFERENCES vehicle(plate_nr)
);
INSERT INTO rental VALUES
    (1,1,'AB728JJ','2022-09-13 00:00:00',4),
    (2,2,'AB600SJ','2022-09-23 00:00:00',6),
    (3,3,'AB350FB','2022-10-09 00:00:00',3),
    (4,4,'AB620UX','2022-10-12 00:00:00',1),
    (5,5,'AC004BW','2022-09-04 00:00:00',4),
    (6,6,'AB713FA','2022-09-29 00:00:00',8),
    (7,7,'AB635KE','2022-09-24 00:00:00',3),
    (8,8,'AB705YK','2022-09-21 00:00:00',10),
    (9,9,'AA837HU','2022-10-23 00:00:00',6),
    (10,10,'AB486AH','2022-09-22 00:00:00',7),
    (11,11,'AB831DR','2022-09-12 00:00:00',8),
    (12,12,'AB821OD','2022-10-07 00:00:00',2),
    (13,13,'AB532SN','2022-09-19 00:00:00',5),
    (14,14,'AB828JP','2022-09-28 00:00:00',6),
    (15,15,'AB827XU','2022-09-11 00:00:00',7),
    (16,16,'AB281KP','2022-09-23 00:00:00',7),
    (17,17,'AB768HF','2022-08-31 00:00:00',5),
    (18,18,'AB959BV','2022-09-15 00:00:00',2),
    (19,19,'AB401DZ','2022-10-09 00:00:00',6),
    (20,20,'AB700VS','2022-10-01 00:00:00',12),
    (21,21,'AB803HK','2022-09-07 00:00:00',14),
    (22,22,'AB327DE','2022-09-21 00:00:00',1),
    (23,23,'AB590WT','2022-09-06 00:00:00',8),
    (24,24,'AB070TO','2022-10-10 00:00:00',8),
    (25,25,'AB043HX','2022-10-22 00:00:00',7),
    (26,26,'AB047JJ','2022-10-03 00:00:00',4),
    (27,27,'AB195IF','2022-10-05 00:00:00',3),
    (28,28,'AB207UD','2022-09-12 00:00:00',2),
    (29,29,'AB979VD','2022-10-09 00:00:00',10),
    (30,30,'AB517TD','2022-08-31 00:00:00',3),
    (31,31,'AB927JI','2022-10-11 00:00:00',2),
    (32,32,'AB665VR','2022-10-05 00:00:00',6),
    (33,33,'AB378RU','2022-09-06 00:00:00',9),
    (34,34,'AB606LT','2022-10-02 00:00:00',7),
    (35,35,'AB482DT','2022-10-13 00:00:00',4),
    (36,36,'AB186DY','2022-10-09 00:00:00',6),
    (37,37,'AB941OA','2022-09-24 00:00:00',9),
    (38,38,'AB893IF','2022-10-12 00:00:00',8),
    (39,39,'AB552FQ','2022-09-27 00:00:00',6),
    (40,40,'AB880GL','2022-10-08 00:00:00',6),
    (41,41,'AB945FM','2022-09-10 00:00:00',9),
    (42,42,'AB150FN','2022-09-23 00:00:00',4),
    (43,43,'AB776TV','2022-10-02 00:00:00',2),
    (44,44,'AB122AK','2022-09-24 00:00:00',1),
    (45,45,'AB400PX','2022-09-22 00:00:00',6),
    (46,46,'AB085OY','2022-09-26 00:00:00',7),
    (47,47,'AB407TF','2022-09-30 00:00:00',1),
    (48,48,'AB668FO','2022-09-18 00:00:00',5),
    (49,49,'AB787ER','2022-09-30 00:00:00',7),
    (50,50,'AB640GE','2022-09-17 00:00:00',3);